department,year,rd_budget,total_outlays,discretionary_outlays,gdp
DOD,1976,35696000000,371800000000,175600000000,1790000000000
NASA,1976,12513000000,371800000000,175600000000,1790000000000
DOE,1976,10882000000,371800000000,175600000000,1790000000000
HHS,1976,9226000000,371800000000,175600000000,1790000000000
NIH,1976,8025000000,371800000000,175600000000,1790000000000
NSF,1976,2372000000,371800000000,175600000000,1790000000000
USDA,1976,1837000000,371800000000,175600000000,1790000000000
Interior,1976,1152000000,371800000000,175600000000,1790000000000
DOT,1976,1142000000,371800000000,175600000000,1790000000000
EPA,1976,968000000,371800000000,175600000000,1790000000000
DOC,1976,819000000,371800000000,175600000000,1790000000000
DHS,1976,0,371800000000,175600000000,1790000000000
VA,1976,404000000,371800000000,175600000000,1790000000000
Other,1976,1191000000,371800000000,175600000000,1790000000000
DOD,1977,37967000000,409200000000,197100000000,2028000000000
NASA,1977,12553000000,409200000000,197100000000,2028000000000
DOE,1977,13741000000,409200000000,197100000000,2028000000000
HHS,1977,9507000000,409200000000,197100000000,2028000000000
NIH,1977,8214000000,409200000000,197100000000,2028000000000
NSF,1977,2395000000,409200000000,197100000000,2028000000000
USDA,1977,1796000000,409200000000,197100000000,2028000000000
Interior,1977,1082000000,409200000000,197100000000,2028000000000
DOT,1977,1095000000,409200000000,197100000000,2028000000000
EPA,1977,966000000,409200000000,197100000000,2028000000000
DOC,1977,837000000,409200000000,197100000000,2028000000000
DHS,1977,0,409200000000,197100000000,2028000000000
VA,1977,374000000,409200000000,197100000000,2028000000000
Other,1977,1280000000,409200000000,197100000000,2028000000000
DOD,1978,37022000000,458700000000,218700000000,2278000000000
NASA,1978,12516000000,458700000000,218700000000,2278000000000
DOE,1978,15663000000,458700000000,218700000000,2278000000000
HHS,1978,10533000000,458700000000,218700000000,2278000000000
NIH,1978,8802000000,458700000000,218700000000,2278000000000
NSF,1978,2446000000,458700000000,218700000000,2278000000000
USDA,1978,1962000000,458700000000,218700000000,2278000000000
Interior,1978,1125000000,458700000000,218700000000,2278000000000
DOT,1978,1156000000,458700000000,218700000000,2278000000000
EPA,1978,1175000000,458700000000,218700000000,2278000000000
DOC,1978,871000000,458700000000,218700000000,2278000000000
DHS,1978,0,458700000000,218700000000,2278000000000
VA,1978,356000000,458700000000,218700000000,2278000000000
Other,1978,1237000000,458700000000,218700000000,2278000000000
DOD,1979,37174000000,504000000000,240000000000,2570000000000
NASA,1979,13079000000,504000000000,240000000000,2570000000000
DOE,1979,15612000000,504000000000,240000000000,2570000000000
HHS,1979,10127000000,504000000000,240000000000,2570000000000
NIH,1979,9243000000,504000000000,240000000000,2570000000000
NSF,1979,2404000000,504000000000,240000000000,2570000000000
USDA,1979,2054000000,504000000000,240000000000,2570000000000
Interior,1979,1176000000,504000000000,240000000000,2570000000000
DOT,1979,1004000000,504000000000,240000000000,2570000000000
EPA,1979,1102000000,504000000000,240000000000,2570000000000
DOC,1979,952000000,504000000000,240000000000,2570000000000
DHS,1979,0,504000000000,240000000000,2570000000000
VA,1979,353000000,504000000000,240000000000,2570000000000
Other,1979,2321000000,504000000000,240000000000,2570000000000
DOD,1980,37005000000,590900000000,276300000000,2797000000000
NASA,1980,13837000000,590900000000,276300000000,2797000000000
DOE,1980,15226000000,590900000000,276300000000,2797000000000
HHS,1980,10045000000,590900000000,276300000000,2797000000000
NIH,1980,9093000000,590900000000,276300000000,2797000000000
NSF,1980,2407000000,590900000000,276300000000,2797000000000
USDA,1980,1887000000,590900000000,276300000000,2797000000000
Interior,1980,1082000000,590900000000,276300000000,2797000000000
DOT,1980,1048000000,590900000000,276300000000,2797000000000
EPA,1980,903000000,590900000000,276300000000,2797000000000
DOC,1980,945000000,590900000000,276300000000,2797000000000
DHS,1980,0,590900000000,276300000000,2797000000000
VA,1980,359000000,590900000000,276300000000,2797000000000
Other,1980,2468000000,590900000000,276300000000,2797000000000
DOD,1981,41737000000,678200000000,307900000000,3138000000000
NASA,1981,13276000000,678200000000,307900000000,3138000000000
DOE,1981,14798000000,678200000000,307900000000,3138000000000
HHS,1981,9644000000,678200000000,307900000000,3138000000000
NIH,1981,8580000000,678200000000,307900000000,3138000000000
NSF,1981,2300000000,678200000000,307900000000,3138000000000
USDA,1981,1964000000,678200000000,307900000000,3138000000000
Interior,1981,990000000,678200000000,307900000000,3138000000000
DOT,1981,978000000,678200000000,307900000000,3138000000000
EPA,1981,901000000,678200000000,307900000000,3138000000000
DOC,1981,829000000,678200000000,307900000000,3138000000000
DHS,1981,0,678200000000,307900000000,3138000000000
VA,1981,382000000,678200000000,307900000000,3138000000000
Other,1981,1925000000,678200000000,307900000000,3138000000000
DOD,1982,46893000000,745700000000,325900000000,3314000000000
NASA,1982,10322000000,745700000000,325900000000,3314000000000
DOE,1982,12160000000,745700000000,325900000000,3314000000000
HHS,1982,8860000000,745700000000,325900000000,3314000000000
NIH,1982,8314000000,745700000000,325900000000,3314000000000
NSF,1982,2191000000,745700000000,325900000000,3314000000000
USDA,1982,1867000000,745700000000,325900000000,3314000000000
Interior,1982,866000000,745700000000,325900000000,3314000000000
DOT,1982,702000000,745700000000,325900000000,3314000000000
EPA,1982,641000000,745700000000,325900000000,3314000000000
DOC,1982,693000000,745700000000,325900000000,3314000000000
DHS,1982,0,745700000000,325900000000,3314000000000
VA,1982,313000000,745700000000,325900000000,3314000000000
Other,1982,1626000000,745700000000,325900000000,3314000000000
DOD,1983,51008000000,808400000000,353300000000,3541000000000
NASA,1983,5893000000,808400000000,353300000000,3541000000000
DOE,1983,11129000000,808400000000,353300000000,3541000000000
HHS,1983,9418000000,808400000000,353300000000,3541000000000
NIH,1983,8733000000,808400000000,353300000000,3541000000000
NSF,1983,2282000000,808400000000,353300000000,3541000000000
USDA,1983,1907000000,808400000000,353300000000,3541000000000
Interior,1983,835000000,808400000000,353300000000,3541000000000
DOT,1983,800000000,808400000000,353300000000,3541000000000
EPA,1983,501000000,808400000000,353300000000,3541000000000
DOC,1983,700000000,808400000000,353300000000,3541000000000
DHS,1983,0,808400000000,353300000000,3541000000000
VA,1983,347000000,808400000000,353300000000,3541000000000
Other,1983,1457000000,808400000000,353300000000,3541000000000
DOD,1984,58139000000,851800000000,379400000000,3953000000000
NASA,1984,6231000000,851800000000,379400000000,3953000000000
DOE,1984,11731000000,851800000000,379400000000,3953000000000
HHS,1984,10145000000,851800000000,379400000000,3953000000000
NIH,1984,9620000000,851800000000,379400000000,3953000000000
NSF,1984,2597000000,851800000000,379400000000,3953000000000
USDA,1984,2032000000,851800000000,379400000000,3953000000000
Interior,1984,757000000,851800000000,379400000000,3953000000000
DOT,1984,1018000000,851800000000,379400000000,3953000000000
EPA,1984,518000000,851800000000,379400000000,3953000000000
DOC,1984,755000000,851800000000,379400000000,3953000000000
DHS,1984,0,851800000000,379400000000,3953000000000
VA,1984,410000000,851800000000,379400000000,3953000000000
Other,1984,1418000000,851800000000,379400000000,3953000000000
DOD,1985,64416000000,946300000000,415800000000,4270000000000
NASA,1985,7174000000,946300000000,415800000000,4270000000000
DOE,1985,12043000000,946300000000,415800000000,4270000000000
HHS,1985,11083000000,946300000000,415800000000,4270000000000
NIH,1985,10606000000,946300000000,415800000000,4270000000000
NSF,1985,2859000000,946300000000,415800000000,4270000000000
USDA,1985,2018000000,946300000000,415800000000,4270000000000
Interior,1985,783000000,946300000000,415800000000,4270000000000
DOT,1985,885000000,946300000000,415800000000,4270000000000
EPA,1985,615000000,946300000000,415800000000,4270000000000
DOC,1985,789000000,946300000000,415800000000,4270000000000
DHS,1985,0,946300000000,415800000000,4270000000000
VA,1985,431000000,946300000000,415800000000,4270000000000
Other,1985,1116000000,946300000000,415800000000,4270000000000
DOD,1986,68931000000,990400000000,438500000000,4536000000000
NASA,1986,7343000000,990400000000,438500000000,4536000000000
DOE,1986,10911000000,990400000000,438500000000,4536000000000
HHS,1986,11133000000,990400000000,438500000000,4536000000000
NIH,1986,10659000000,990400000000,438500000000,4536000000000
NSF,1986,2757000000,990400000000,438500000000,4536000000000
USDA,1986,1890000000,990400000000,438500000000,4536000000000
Interior,1986,755000000,990400000000,438500000000,4536000000000
DOT,1986,746000000,990400000000,438500000000,4536000000000
EPA,1986,637000000,990400000000,438500000000,4536000000000
DOC,1986,778000000,990400000000,438500000000,4536000000000
DHS,1986,0,990400000000,438500000000,4536000000000
VA,1986,365000000,990400000000,438500000000,4536000000000
Other,1986,1326000000,990400000000,438500000000,4536000000000
DOD,1987,71541000000,1004000000000,444100000000,4782000000000
NASA,1987,8346000000,1004000000000,444100000000,4782000000000
DOE,1987,10446000000,1004000000000,444100000000,4782000000000
HHS,1987,12847000000,1004000000000,444100000000,4782000000000
NIH,1987,12335000000,1004000000000,444100000000,4782000000000
NSF,1987,2942000000,1004000000000,444100000000,4782000000000
USDA,1987,2104000000,1004000000000,444100000000,4782000000000
Interior,1987,786000000,1004000000000,444100000000,4782000000000
DOT,1987,595000000,1004000000000,444100000000,4782000000000
EPA,1987,664000000,1004000000000,444100000000,4782000000000
DOC,1987,804000000,1004000000000,444100000000,4782000000000
DHS,1987,0,1004000000000,444100000000,4782000000000
VA,1987,430000000,1004000000000,444100000000,4782000000000
Other,1987,1474000000,1004000000000,444100000000,4782000000000
DOD,1988,71145000000,1064400000000.0001,464400000000,5155000000000
NASA,1988,8746000000,1064400000000.0001,464400000000,5155000000000
DOE,1988,10863000000,1064400000000.0001,464400000000,5155000000000
HHS,1988,13470000000,1064400000000.0001,464400000000,5155000000000
NIH,1988,12909000000,1064400000000.0001,464400000000,5155000000000
NSF,1988,2962000000,1064400000000.0001,464400000000,5155000000000
USDA,1988,2085000000,1064400000000.0001,464400000000,5155000000000
Interior,1988,794000000,1064400000000.0001,464400000000,5155000000000
DOT,1988,587000000,1064400000000.0001,464400000000,5155000000000
EPA,1988,698000000,1064400000000.0001,464400000000,5155000000000
DOC,1988,764000000,1064400000000.0001,464400000000,5155000000000
DHS,1988,0,1064400000000.0001,464400000000,5155000000000
VA,1988,368000000,1064400000000.0001,464400000000,5155000000000
Other,1988,1409000000,1064400000000.0001,464400000000,5155000000000
DOD,1989,69231000000,1143700000000,488800000000,5570000000000
NASA,1989,10623000000,1143700000000,488800000000,5570000000000
DOE,1989,11225000000,1143700000000,488800000000,5570000000000
HHS,1989,14291000000,1143700000000,488800000000,5570000000000
NIH,1989,13550000000,1143700000000,488800000000,5570000000000
NSF,1989,3162000000,1143700000000,488800000000,5570000000000
USDA,1989,2044000000,1143700000000,488800000000,5570000000000
Interior,1989,861000000,1143700000000,488800000000,5570000000000
DOT,1989,586000000,1143700000000,488800000000,5570000000000
EPA,1989,713000000,1143700000000,488800000000,5570000000000
DOC,1989,766000000,1143700000000,488800000000,5570000000000
DHS,1989,0,1143700000000,488800000000,5570000000000
VA,1989,391000000,1143700000000,488800000000,5570000000000
Other,1989,1469000000,1143700000000,488800000000,5570000000000
DOD,1990,65589000000,1253000000000,500500000000,5915000000000
NASA,1990,12317000000,1253000000000,500500000000,5915000000000
DOE,1990,12103000000,1253000000000,500500000000,5915000000000
HHS,1990,14779000000,1253000000000,500500000000,5915000000000
NIH,1990,14042000000,1253000000000,500500000000,5915000000000
NSF,1990,2994000000,1253000000000,500500000000,5915000000000
USDA,1990,2119000000,1253000000000,500500000000,5915000000000
Interior,1990,919000000,1253000000000,500500000000,5915000000000
DOT,1990,613000000,1253000000000,500500000000,5915000000000
EPA,1990,735000000,1253000000000,500500000000,5915000000000
DOC,1990,784000000,1253000000000,500500000000,5915000000000
DHS,1990,0,1253000000000,500500000000,5915000000000
VA,1990,378000000,1253000000000,500500000000,5915000000000
Other,1990,1754000000,1253000000000,500500000000,5915000000000
DOD,1991,62238000000,1324200000000,533299999999.99994,6110000000000
NASA,1991,13589000000,1324200000000,533299999999.99994,6110000000000
DOE,1991,12275000000,1324200000000,533299999999.99994,6110000000000
HHS,1991,16001000000,1324200000000,533299999999.99994,6110000000000
NIH,1991,15016000000,1324200000000,533299999999.99994,6110000000000
NSF,1991,3167000000,1324200000000,533299999999.99994,6110000000000
USDA,1991,2327000000,1324200000000,533299999999.99994,6110000000000
Interior,1991,1037000000,1324200000000,533299999999.99994,6110000000000
DOT,1991,688000000,1324200000000,533299999999.99994,6110000000000
EPA,1991,768000000,1324200000000,533299999999.99994,6110000000000
DOC,1991,898000000,1324200000000,533299999999.99994,6110000000000
DHS,1991,0,1324200000000,533299999999.99994,6110000000000
VA,1991,375000000,1324200000000,533299999999.99994,6110000000000
Other,1991,1629000000,1324200000000,533299999999.99994,6110000000000
DOD,1992,61682000000,1381500000000,533799999999.99994,6435000000000
NASA,1992,13950000000,1381500000000,533799999999.99994,6435000000000
DOE,1992,13280000000,1381500000000,533799999999.99994,6435000000000
HHS,1992,16621000000,1381500000000,533799999999.99994,6435000000000
NIH,1992,15714000000,1381500000000,533799999999.99994,6435000000000
NSF,1992,3219000000,1381500000000,533799999999.99994,6435000000000
USDA,1992,2480000000,1381500000000,533799999999.99994,6435000000000
Interior,1992,1050000000,1381500000000,533799999999.99994,6435000000000
DOT,1992,1014000000,1381500000000,533799999999.99994,6435000000000
EPA,1992,804000000,1381500000000,533799999999.99994,6435000000000
DOC,1992,952000000,1381500000000,533799999999.99994,6435000000000
DHS,1992,0,1381500000000,533799999999.99994,6435000000000
VA,1992,407000000,1381500000000,533799999999.99994,6435000000000
Other,1992,1999000000,1381500000000,533799999999.99994,6435000000000
DOD,1993,61956000000,1409400000000,539700000000.00006,6795000000000
NASA,1993,14058000000,1409400000000,539700000000.00006,6795000000000
DOE,1993,11872000000,1409400000000,539700000000.00006,6795000000000
HHS,1993,16702000000,1409400000000,539700000000.00006,6795000000000
NIH,1993,15774000000,1409400000000,539700000000.00006,6795000000000
NSF,1993,3211000000,1409400000000,539700000000.00006,6795000000000
USDA,1993,2339000000,1409400000000,539700000000.00006,6795000000000
Interior,1993,1035000000,1409400000000,539700000000.00006,6795000000000
DOT,1993,990000000,1409400000000,539700000000.00006,6795000000000
EPA,1993,792000000,1409400000000,539700000000.00006,6795000000000
DOC,1993,1265000000,1409400000000,539700000000.00006,6795000000000
DHS,1993,0,1409400000000,539700000000.00006,6795000000000
VA,1993,403000000,1409400000000,539700000000.00006,6795000000000
Other,1993,1683000000,1409400000000,539700000000.00006,6795000000000
DOD,1994,55423000000,1461800000000,541400000000,7198000000000
NASA,1994,14680000000,1461800000000,541400000000,7198000000000
DOE,1994,10568000000,1461800000000,541400000000,7198000000000
HHS,1994,17674000000,1461800000000,541400000000,7198000000000
NIH,1994,16347000000,1461800000000,541400000000,7198000000000
NSF,1994,3500000000,1461800000000,541400000000,7198000000000
USDA,1994,2385000000,1461800000000,541400000000,7198000000000
Interior,1994,1104000000,1461800000000,541400000000,7198000000000
DOT,1994,1000000000,1461800000000,541400000000,7198000000000
EPA,1994,918000000,1461800000000,541400000000,7198000000000
DOC,1994,1595000000,1461800000000,541400000000,7198000000000
DHS,1994,0,1461800000000,541400000000,7198000000000
VA,1994,432000000,1461800000000,541400000000,7198000000000
Other,1994,1652000000,1461800000000,541400000000,7198000000000
DOD,1995,54026000000,1515700000000,544799999999.99994,7583000000000
NASA,1995,14457000000,1515700000000,544799999999.99994,7583000000000
DOE,1995,9806000000,1515700000000,544799999999.99994,7583000000000
HHS,1995,17602000000,1515700000000,544799999999.99994,7583000000000
NIH,1995,16448000000,1515700000000,544799999999.99994,7583000000000
NSF,1995,3662000000,1515700000000,544799999999.99994,7583000000000
USDA,1995,2273000000,1515700000000,544799999999.99994,7583000000000
Interior,1995,1021000000,1515700000000,544799999999.99994,7583000000000
DOT,1995,1018000000,1515700000000,544799999999.99994,7583000000000
EPA,1995,847000000,1515700000000,544799999999.99994,7583000000000
DOC,1995,1709000000,1515700000000,544799999999.99994,7583000000000
DHS,1995,0,1515700000000,544799999999.99994,7583000000000
VA,1995,402000000,1515700000000,544799999999.99994,7583000000000
Other,1995,1612000000,1515700000000,544799999999.99994,7583000000000
DOD,1996,53688000000,1560500000000,532799999999.99994,7978000000000
NASA,1996,14152000000,1560500000000,532799999999.99994,7978000000000
DOE,1996,9412000000,1560500000000,532799999999.99994,7978000000000
HHS,1996,18054000000,1560500000000,532799999999.99994,7978000000000
NIH,1996,17141000000,1560500000000,532799999999.99994,7978000000000
NSF,1996,3588000000,1560500000000,532799999999.99994,7978000000000
USDA,1996,2232000000,1560500000000,532799999999.99994,7978000000000
Interior,1996,857000000,1560500000000,532799999999.99994,7978000000000
DOT,1996,902000000,1560500000000,532799999999.99994,7978000000000
EPA,1996,724000000,1560500000000,532799999999.99994,7978000000000
DOC,1996,1488000000,1560500000000,532799999999.99994,7978000000000
DHS,1996,0,1560500000000,532799999999.99994,7978000000000
VA,1996,395000000,1560500000000,532799999999.99994,7978000000000
Other,1996,1345000000,1560500000000,532799999999.99994,7978000000000
DOD,1997,54903000000,1601100000000,547100000000,8483000000000
NASA,1997,13788000000,1601100000000,547100000000,8483000000000
DOE,1997,9167000000,1601100000000,547100000000,8483000000000
HHS,1997,19037000000,1601100000000,547100000000,8483000000000
NIH,1997,18013000000,1601100000000,547100000000,8483000000000
NSF,1997,3574000000,1601100000000,547100000000,8483000000000
USDA,1997,2295000000,1601100000000,547100000000,8483000000000
Interior,1997,872000000,1601100000000,547100000000,8483000000000
DOT,1997,902000000,1601100000000,547100000000,8483000000000
EPA,1997,877000000,1601100000000,547100000000,8483000000000
DOC,1997,1421000000,1601100000000,547100000000,8483000000000
DHS,1997,0,1601100000000,547100000000,8483000000000
VA,1997,867000000,1601100000000,547100000000,8483000000000
Other,1997,1302000000,1601100000000,547100000000,8483000000000
DOD,1998,54716000000,1652500000000,551900000000,8955000000000
NASA,1998,14201000000,1652500000000,551900000000,8955000000000
DOE,1998,9250000000,1652500000000,551900000000,8955000000000
HHS,1998,20160000000,1652500000000,551900000000,8955000000000
NIH,1998,19093000000,1652500000000,551900000000,8955000000000
NSF,1998,3642000000,1652500000000,551900000000,8955000000000
USDA,1998,2274000000,1652500000000,551900000000,8955000000000
Interior,1998,780000000,1652500000000,551900000000,8955000000000
DOT,1998,859000000,1652500000000,551900000000,8955000000000
EPA,1998,928000000,1652500000000,551900000000,8955000000000
DOC,1998,1589000000,1652500000000,551900000000,8955000000000
DHS,1998,0,1652500000000,551900000000,8955000000000
VA,1998,855000000,1652500000000,551900000000,8955000000000
Other,1998,1351000000,1652500000000,551900000000,8955000000000
DOD,1999,55927000000,1701800000000,572100000000,9511000000000
NASA,1999,13975000000,1701800000000,572100000000,9511000000000
DOE,1999,10019000000,1701800000000,572100000000,9511000000000
HHS,1999,22759000000,1701800000000,572100000000,9511000000000
NIH,1999,21566000000,1701800000000,572100000000,9511000000000
NSF,1999,3840000000,1701800000000,572100000000,9511000000000
USDA,1999,2366000000,1701800000000,572100000000,9511000000000
Interior,1999,718000000,1701800000000,572100000000,9511000000000
DOT,1999,873000000,1701800000000,572100000000,9511000000000
EPA,1999,962000000,1701800000000,572100000000,9511000000000
DOC,1999,1559000000,1701800000000,572100000000,9511000000000
DHS,1999,0,1701800000000,572100000000,9511000000000
VA,1999,926000000,1701800000000,572100000000,9511000000000
Other,1999,1377000000,1701800000000,572100000000,9511000000000
DOD,2000,56297000000,1789000000000,614700000000,10148000000000
NASA,2000,13376000000,1789000000000,614700000000,10148000000000
DOE,2000,9800000000,1789000000000,614700000000,10148000000000
HHS,2000,25616000000,1789000000000,614700000000,10148000000000
NIH,2000,24281000000,1789000000000,614700000000,10148000000000
NSF,2000,4129000000,1789000000000,614700000000,10148000000000
USDA,2000,2502000000,1789000000000,614700000000,10148000000000
Interior,2000,871000000,1789000000000,614700000000,10148000000000
DOT,2000,855000000,1789000000000,614700000000,10148000000000
EPA,2000,786000000,1789000000000,614700000000,10148000000000
DOC,2000,1654000000,1789000000000,614700000000,10148000000000
DHS,2000,0,1789000000000,614700000000,10148000000000
VA,2000,909000000,1789000000000,614700000000,10148000000000
Other,2000,1223000000,1789000000000,614700000000,10148000000000
DOD,2001,58807000000,1862800000000,649100000000,10565000000000
NASA,2001,13604000000,1862800000000,649100000000,10565000000000
DOE,2001,10640000000,1862800000000,649100000000,10565000000000
HHS,2001,28956000000,1862800000000,649100000000,10565000000000
NIH,2001,27253000000,1862800000000,649100000000,10565000000000
NSF,2001,4569000000,1862800000000,649100000000,10565000000000
USDA,2001,3001000000,1862800000000,649100000000,10565000000000
Interior,2001,855000000,1862800000000,649100000000,10565000000000
DOT,2001,989000000,1862800000000,649100000000,10565000000000
EPA,2001,789000000,1862800000000,649100000000,10565000000000
DOC,2001,1417000000,1862800000000,649100000000,10565000000000
DHS,2001,0,1862800000000,649100000000,10565000000000
VA,2001,989000000,1862800000000,649100000000,10565000000000
Other,2001,1328000000,1862800000000,649100000000,10565000000000
DOD,2002,67534000000,2010900000000,734000000000,10877000000000
NASA,2002,13844000000,2010900000000,734000000000,10877000000000
DOE,2002,10938000000,2010900000000,734000000000,10877000000000
HHS,2002,32518000000,2010900000000,734000000000,10877000000000
NIH,2002,30755000000,2010900000000,734000000000,10877000000000
NSF,2002,4774000000,2010900000000,734000000000,10877000000000
USDA,2002,2860000000,2010900000000,734000000000,10877000000000
Interior,2002,844000000,2010900000000,734000000000,10877000000000
DOT,2002,1053000000,2010900000000,734000000000,10877000000000
EPA,2002,801000000,2010900000000,734000000000,10877000000000
DOC,2002,1661000000,2010900000000,734000000000,10877000000000
DHS,2002,360000000,2010900000000,734000000000,10877000000000
VA,2002,1024000000,2010900000000,734000000000,10877000000000
Other,2002,1388000000,2010900000000,734000000000,10877000000000
DOD,2003,78782000000,2159900000000,824300000000,11332000000000
NASA,2003,14191000000,2159900000000,824300000000,11332000000000
DOE,2003,11232000000,2159900000000,824300000000,11332000000000
HHS,2003,36797000000,2159900000000,824300000000,11332000000000
NIH,2003,35073000000,2159900000000,824300000000,11332000000000
NSF,2003,5217000000,2159900000000,824300000000,11332000000000
USDA,2003,3112000000,2159900000000,824300000000,11332000000000
Interior,2003,855000000,2159900000000,824300000000,11332000000000
DOT,2003,929000000,2159900000000,824300000000,11332000000000
EPA,2003,753000000,2159900000000,824300000000,11332000000000
DOC,2003,1591000000,2159900000000,824300000000,11332000000000
DHS,2003,979000000,2159900000000,824300000000,11332000000000
VA,2003,1085000000,2159900000000,824300000000,11332000000000
Other,2003,1414000000,2159900000000,824300000000,11332000000000
DOD,2004,85503000000,2292800000000,895100000000,12089000000000
NASA,2004,14007000000,2292800000000,895100000000,12089000000000
DOE,2004,11296000000,2292800000000,895100000000,12089000000000
HHS,2004,36977000000,2292800000000,895100000000,12089000000000
NIH,2004,35327000000,2292800000000,895100000000,12089000000000
NSF,2004,5346000000,2292800000000,895100000000,12089000000000
USDA,2004,2881000000,2292800000000,895100000000,12089000000000
Interior,2004,813000000,2292800000000,895100000000,12089000000000
DOT,2004,862000000,2292800000000,895100000000,12089000000000
EPA,2004,858000000,2292800000000,895100000000,12089000000000
DOC,2004,1452000000,2292800000000,895100000000,12089000000000
DHS,2004,1333000000,2292800000000,895100000000,12089000000000
VA,2004,1123000000,2292800000000,895100000000,12089000000000
Other,2004,1326000000,2292800000000,895100000000,12089000000000
DOD,2005,88331000000,2472000000000,968500000000,12889000000000
NASA,2005,13347000000,2472000000000,968500000000,12889000000000
DOE,2005,10835000000,2472000000000,968500000000,12889000000000
HHS,2005,36669000000,2472000000000,968500000000,12889000000000
NIH,2005,35039000000,2472000000000,968500000000,12889000000000
NSF,2005,5157000000,2472000000000,968500000000,12889000000000
USDA,2005,3040000000,2472000000000,968500000000,12889000000000
Interior,2005,781000000,2472000000000,968500000000,12889000000000
DOT,2005,888000000,2472000000000,968500000000,12889000000000
EPA,2005,806000000,2472000000000,968500000000,12889000000000
DOC,2005,1410000000,2472000000000,968500000000,12889000000000
DHS,2005,1559000000,2472000000000,968500000000,12889000000000
VA,2005,933000000,2472000000000,968500000000,12889000000000
Other,2005,1304000000,2472000000000,968500000000,12889000000000
DOD,2006,90443000000,2655000000000,1016700000000,13685000000000
NASA,2006,13750000000,2655000000000,1016700000000,13685000000000
DOE,2006,10451000000,2655000000000,1016700000000,13685000000000
HHS,2006,35276000000,2655000000000,1016700000000,13685000000000
NIH,2006,33780000000,2655000000000,1016700000000,13685000000000
NSF,2006,5092000000,2655000000000,1016700000000,13685000000000
USDA,2006,2968000000,2655000000000,1016700000000,13685000000000
Interior,2006,779000000,2655000000000,1016700000000,13685000000000
DOT,2006,995000000,2655000000000,1016700000000,13685000000000
EPA,2006,757000000,2655000000000,1016700000000,13685000000000
DOC,2006,1293000000,2655000000000,1016700000000,13685000000000
DHS,2006,1583000000,2655000000000,1016700000000,13685000000000
VA,2006,937000000,2655000000000,1016700000000,13685000000000
Other,2006,1325000000,2655000000000,1016700000000,13685000000000
DOD,2007,93645000000,2728700000000,1041599999999.9999,14323000000000
NASA,2007,13727000000,2728700000000,1041599999999.9999,14323000000000
DOE,2007,10709000000,2728700000000,1041599999999.9999,14323000000000
HHS,2007,35108000000,2728700000000,1041599999999.9999,14323000000000
NIH,2007,33602000000,2728700000000,1041599999999.9999,14323000000000
NSF,2007,5262000000,2728700000000,1041599999999.9999,14323000000000
USDA,2007,2696000000,2728700000000,1041599999999.9999,14323000000000
Interior,2007,767000000,2728700000000,1041599999999.9999,14323000000000
DOT,2007,909000000,2728700000000,1041599999999.9999,14323000000000
EPA,2007,660000000,2728700000000,1041599999999.9999,14323000000000
DOC,2007,1271000000,2728700000000,1041599999999.9999,14323000000000
DHS,2007,1181000000,2728700000000,1041599999999.9999,14323000000000
VA,2007,971000000,2728700000000,1041599999999.9999,14323000000000
Other,2007,1319000000,2728700000000,1041599999999.9999,14323000000000
DOD,2008,94247000000,2982500000000,1134800000000,14752000000000
NASA,2008,12985000000,2982500000000,1134800000000,14752000000000
DOE,2008,11343000000,2982500000000,1134800000000,14752000000000
HHS,2008,33964000000,2982500000000,1134800000000,14752000000000
NIH,2008,33130000000,2982500000000,1134800000000,14752000000000
NSF,2008,5233000000,2982500000000,1134800000000,14752000000000
USDA,2008,2708000000,2982500000000,1134800000000,14752000000000
Interior,2008,794000000,2982500000000,1134800000000,14752000000000
DOT,2008,1016000000,2982500000000,1134800000000,14752000000000
EPA,2008,636000000,2982500000000,1134800000000,14752000000000
DOC,2008,1379000000,2982500000000,1134800000000,14752000000000
DHS,2008,1155000000,2982500000000,1134800000000,14752000000000
VA,2008,1029000000,2982500000000,1134800000000,14752000000000
Other,2008,1238000000,2982500000000,1134800000000,14752000000000
DOD,2009,93527000000,3517700000000,1237500000000,14415000000000
NASA,2009,10087000000,3517700000000,1237500000000,14415000000000
DOE,2009,11823000000,3517700000000,1237500000000,14415000000000
HHS,2009,35649000000,3517700000000,1237500000000,14415000000000
NIH,2009,34150000000,3517700000000,1237500000000,14415000000000
NSF,2009,5472000000,3517700000000,1237500000000,14415000000000
USDA,2009,2797000000,3517700000000,1237500000000,14415000000000
Interior,2009,805000000,3517700000000,1237500000000,14415000000000
DOT,2009,1062000000,3517700000000,1237500000000,14415000000000
EPA,2009,646000000,3517700000000,1237500000000,14415000000000
DOC,2009,1594000000,3517700000000,1237500000000,14415000000000
DHS,2009,1258000000,3517700000000,1237500000000,14415000000000
VA,2009,1082000000,3517700000000,1237500000000,14415000000000
Other,2009,1323000000,3517700000000,1237500000000,14415000000000
DOD,2010,94325000000,3457100000000,1347200000000,14799000000000
NASA,2010,10538000000,3457100000000,1347200000000,14799000000000
DOE,2010,12329000000,3457100000000,1347200000000,14799000000000
HHS,2010,36134000000,3457100000000,1347200000000,14799000000000
NIH,2010,34348000000,3457100000000,1347200000000,14799000000000
NSF,2010,6135000000,3457100000000,1347200000000,14799000000000
USDA,2010,2971000000,3457100000000,1347200000000,14799000000000
Interior,2010,883000000,3457100000000,1347200000000,14799000000000
DOT,2010,1221000000,3457100000000,1347200000000,14799000000000
EPA,2010,679000000,3457100000000,1347200000000,14799000000000
DOC,2010,1521000000,3457100000000,1347200000000,14799000000000
DHS,2010,1009000000,3457100000000,1347200000000,14799000000000
VA,2010,1176000000,3457100000000,1347200000000,14799000000000
Other,2010,1287000000,3457100000000,1347200000000,14799000000000
DOD,2011,88220000000,3603100000000,1347100000000,15379000000000
NASA,2011,10147000000,3603100000000,1347100000000,15379000000000
DOE,2011,11902000000,3603100000000,1347100000000,15379000000000
HHS,2011,34773000000,3603100000000,1347100000000,15379000000000
NIH,2011,33265000000,3603100000000,1347100000000,15379000000000
NSF,2011,6127000000,3603100000000,1347100000000,15379000000000
USDA,2011,2637000000,3603100000000,1347100000000,15379000000000
Interior,2011,844000000,3603100000000,1347100000000,15379000000000
DOT,2011,1064000000,3603100000000,1347100000000,15379000000000
EPA,2011,649000000,3603100000000,1347100000000,15379000000000
DOC,2011,1357000000,3603100000000,1347100000000,15379000000000
DHS,2011,848000000,3603100000000,1347100000000,15379000000000
VA,2011,1294000000,3603100000000,1347100000000,15379000000000
Other,2011,1129000000,3603100000000,1347100000000,15379000000000
DOD,2012,81543000000,3536900000000,1286100000000,16027000000000
NASA,2012,12391000000,3536900000000,1286100000000,16027000000000
DOE,2012,11839000000,3536900000000,1286100000000,16027000000000
HHS,2012,34360000000,3536900000000,1286100000000,16027000000000
NIH,2012,32865000000,3536900000000,1286100000000,16027000000000
NSF,2012,6248000000,3536900000000,1286100000000,16027000000000
USDA,2012,2553000000,3536900000000,1286100000000,16027000000000
Interior,2012,898000000,3536900000000,1286100000000,16027000000000
DOT,2012,1007000000,3536900000000,1286100000000,16027000000000
EPA,2012,622000000,3536900000000,1286100000000,16027000000000
DOC,2012,1373000000,3536900000000,1286100000000,16027000000000
DHS,2012,527000000,3536900000000,1286100000000,16027000000000
VA,2012,1270000000,3536900000000,1286100000000,16027000000000
Other,2012,1448000000,3536900000000,1286100000000,16027000000000
DOD,2013,70583000000,3454600000000,1202200000000,16516000000000
NASA,2013,11845000000,3454600000000,1202200000000,16516000000000
DOE,2013,11528000000,3454600000000,1202200000000,16516000000000
HHS,2013,32095000000,3454600000000,1202200000000,16516000000000
NIH,2013,30522000000,3454600000000,1202200000000,16516000000000
NSF,2013,5739000000,3454600000000,1202200000000,16516000000000
USDA,2013,2279000000,3454600000000,1202200000000,16516000000000
Interior,2013,846000000,3454600000000,1202200000000,16516000000000
DOT,2013,881000000,3454600000000,1202200000000,16516000000000
EPA,2013,570000000,3454600000000,1202200000000,16516000000000
DOC,2013,1397000000,3454600000000,1202200000000,16516000000000
DHS,2013,737000000,3454600000000,1202200000000,16516000000000
VA,2013,1253000000,3454600000000,1202200000000,16516000000000
Other,2013,1846000000,3454600000000,1202200000000,16516000000000
DOD,2014,70341000000,3506100000000,1178600000000,17244000000000
NASA,2014,12432000000,3506100000000,1178600000000,17244000000000
DOE,2014,12686000000,3506100000000,1178600000000,17244000000000
HHS,2014,32438000000,3506100000000,1178600000000,17244000000000
NIH,2014,30938000000,3506100000000,1178600000000,17244000000000
NSF,2014,6135000000,3506100000000,1178600000000,17244000000000
USDA,2014,2517000000,3506100000000,1178600000000,17244000000000
Interior,2014,889000000,3506100000000,1178600000000,17244000000000
DOT,2014,843000000,3506100000000,1178600000000,17244000000000
EPA,2014,569000000,3506100000000,1178600000000,17244000000000
DOC,2014,1641000000,3506100000000,1178600000000,17244000000000
DHS,2014,1092000000,3506100000000,1178600000000,17244000000000
VA,2014,1165000000,3506100000000,1178600000000,17244000000000
Other,2014,1697000000,3506100000000,1178600000000,17244000000000
DOD,2015,69522000000,3688400000000,1168700000000,17983000000000
NASA,2015,11927000000,3688400000000,1168700000000,17983000000000
DOE,2015,15033000000,3688400000000,1168700000000,17983000000000
HHS,2015,31537000000,3688400000000,1168700000000,17983000000000
NIH,2015,30046000000,3688400000000,1168700000000,17983000000000
NSF,2015,6260000000,3688400000000,1168700000000,17983000000000
USDA,2015,2565000000,3688400000000,1168700000000,17983000000000
Interior,2015,903000000,3688400000000,1168700000000,17983000000000
DOT,2015,926000000,3688400000000,1168700000000,17983000000000
EPA,2015,544000000,3688400000000,1168700000000,17983000000000
DOC,2015,1596000000,3688400000000,1168700000000,17983000000000
DHS,2015,960000000,3688400000000,1168700000000,17983000000000
VA,2015,1231000000,3688400000000,1168700000000,17983000000000
Other,2015,1558000000,3688400000000,1168700000000,17983000000000
DOD,2016,75213000000,3852600000000,1185200000000,18470000000000
NASA,2016,13713000000,3852600000000,1185200000000,18470000000000
DOE,2016,15504000000,3852600000000,1185200000000,18470000000000
HHS,2016,33121000000,3852600000000,1185200000000,18470000000000
NIH,2016,31675000000,3852600000000,1185200000000,18470000000000
NSF,2016,6222000000,3852600000000,1185200000000,18470000000000
USDA,2016,2745000000,3852600000000,1185200000000,18470000000000
Interior,2016,1005000000,3852600000000,1185200000000,18470000000000
DOT,2016,910000000,3852600000000,1185200000000,18470000000000
EPA,2016,530000000,3852600000000,1185200000000,18470000000000
DOC,2016,1730000000,3852600000000,1185200000000,18470000000000
DHS,2016,602000000,3852600000000,1185200000000,18470000000000
VA,2016,1262000000,3852600000000,1185200000000,18470000000000
Other,2016,1653000000,3852600000000,1185200000000,18470000000000
DOD,2017,51862000000,3981600000000,1200200000000,19177000000000
NASA,2017,12361000000,3981600000000,1200200000000,19177000000000
DOE,2017,15032000000,3981600000000,1200200000000,19177000000000
HHS,2017,34758000000,3981600000000,1200200000000,19177000000000
NIH,2017,33052000000,3981600000000,1200200000000,19177000000000
NSF,2017,6040000000,3981600000000,1200200000000,19177000000000
USDA,2017,2625000000,3981600000000,1200200000000,19177000000000
Interior,2017,955000000,3981600000000,1200200000000,19177000000000
DOT,2017,936000000,3981600000000,1200200000000,19177000000000
EPA,2017,506000000,3981600000000,1200200000000,19177000000000
DOC,2017,1824000000,3981600000000,1200200000000,19177000000000
DHS,2017,735000000,3981600000000,1200200000000,19177000000000
VA,2017,1367000000,3981600000000,1200200000000,19177000000000
Other,2017,1553000000,3981600000000,1200200000000,19177000000000
